lignin,temp,char_yield
0.4096,6.6736,27.4381
0.2756,5.8844,18.9625
0.4434,6.2609,23.3292
0.3789,7.06,29.5431
0.1377,6.5389,22.4162
0.4902,6.2143,24.7332
0.4045,6.2368,23.6098
0.4144,5.2158,16.4743
0.1512,4.1233,7.7474
0.2802,5.7469,17.5834
0.2483,4.8583,11.822
0.4707,5.6341,19.2311
0.3575,7.4136,32.0726
0.4291,4.9358,14.0779
0.2774,4.2332,9.398
0.1909,5.1255,12.9423
0.3218,5.1744,14.1911
0.1255,6.6477,22.5134
0.4311,6.2281,23.6031
0.3527,7.1356,30.2011
0.4032,6.6573,27.4286
0.2418,5.6255,18.3467
0.4883,7.2561,32.657
0.4572,4.6679,13.0657
0.4114,4.0908,8.9112
0.1779,4.3602,8.6749
0.2867,6.8894,26.5124
0.1175,5.8475,16.7186
0.1617,4.6451,9.5806
0.3732,6.0042,21.0383
0.3979,4.6092,13.055
0.487,6.7853,28.5466
0.2303,5.7846,17.7618
0.2482,5.5241,15.7697
0.2878,5.206,13.8783
0.1758,6.5211,22.3814
0.152,5.4473,14.6003
0.2903,4.3506,10.724
0.1908,4.472,9.3537
0.3679,7.8476,36.8573
0.2749,7.6343,33.0184
0.4331,6.7988,27.3388
0.3801,5.0635,14.462
0.2249,7.8767,34.5622
0.4329,7.115,31.633
0.4219,6.8676,27.9502
0.255,5.7974,18.6454
0.2153,5.089,12.6711
0.373,4.3856,11.4817
0.1559,7.6104,31.8143
0.18,5.8231,17.4264
0.1029,4.8095,10.0935
0.4148,5.2238,16.0229
0.3659,6.3169,23.5561
0.3821,4.7071,12.6513
0.4123,7.4265,32.4261
0.2836,7.0341,27.4508
0.3275,6.8779,27.3992
0.1559,5.7284,17.3491
0.1458,6.5092,22.2518
